"route","routeType","entity","status","finalUrl","indexable","sitemap","canonical","canonicalMatches","robots","lang","dir","contentLang","contentDir","title","description","h1","wordCount","contentLength","schemaTypes","inlinks","outlinks","crawlDepth","titleDuplicateCount","descriptionDuplicateCount","renderedHtmlAvailable","httpChain","wwwChain","trailingChain"
"/","static","home","200","https://washop.co.il/","true","true","https://washop.co.il/","true","index, follow","he","rtl","he","rtl","Washop – אינדקס חנויות ועסקים בוואטסאפ","גלו חנויות ועסקים בישראל שמציגים מוצרים ושירותים ומאפשרים קשר ישיר בוואטסאפ. חפשו לפי קטגוריה והגיעו לעסק המתאים.","חנויות ועסקים שאפשר למצוא וליצור איתם קשר בוואטסאפ","2048","12420","WebSite|Organization|ItemList|FAQPage","69","51","0","1","1","true","308:http://washop.co.il/->https://washop.co.il/|200:https://washop.co.il/->","301:https://www.washop.co.il/->https://washop.co.il/|200:https://washop.co.il/->",""
"/global","static","global","200","https://washop.co.il/global","true","true","https://washop.co.il/global","true","index, follow","he","rtl","en","ltr","WaShop Global – WhatsApp Store Directory","Explore businesses and stores that connect with customers through WhatsApp. Browse categories and contact the relevant seller directly.","Discover Stores That Sell Through WhatsApp","936","6316","WebPage|ItemList","69","4","1","1","1","true","308:http://washop.co.il/global->https://washop.co.il/global|200:https://washop.co.il/global->","301:https://www.washop.co.il/global->https://washop.co.il/global|200:https://washop.co.il/global->","308:https://washop.co.il/global/->/global|200:https://washop.co.il/global->"
"/shops","static","shops","200","https://washop.co.il/shops","true","true","https://washop.co.il/shops","true","index, follow","he","rtl","he","rtl","חנויות בוואטסאפ לפי קטגוריה | Washop","מצאו חנויות ועסקים שמאפשרים פנייה ישירה דרך וואטסאפ. סננו לפי קטגוריה, עיר או מוצר ועברו לעסק המתאים.","אינדקס חנויות ועסקים בוואטסאפ","896","5049","CollectionPage|ItemList|BreadcrumbList|FAQPage","68","40","1","1","1","true","308:http://washop.co.il/shops->https://washop.co.il/shops|200:https://washop.co.il/shops->","301:https://www.washop.co.il/shops->https://washop.co.il/shops|200:https://washop.co.il/shops->","308:https://washop.co.il/shops/->/shops|200:https://washop.co.il/shops->"
"/add-store","static","add-store","200","https://washop.co.il/add-store","true","true","https://washop.co.il/add-store","true","index, follow","he","rtl","he","rtl","פרסום חנות וואטסאפ – שליחת עסק לבדיקה | WaShop","שלחו את חנות הוואטסאפ שלכם לבדיקה ידנית בוואשופ. עסקים מתאימים יכולים להצטרף לאינדקס עם פרטי העסק וקישור ישיר לקטלוג או לשיחה.","פרסום והוספת חנות וואטסאפ לוואשופ","579","3393","FAQPage","68","20","1","1","1","true","308:http://washop.co.il/add-store->https://washop.co.il/add-store|200:https://washop.co.il/add-store->","301:https://www.washop.co.il/add-store->https://washop.co.il/add-store|200:https://washop.co.il/add-store->","308:https://washop.co.il/add-store/->/add-store|200:https://washop.co.il/add-store->"
"/about","static","about","200","https://washop.co.il/about","true","true","https://washop.co.il/about","true","index, follow","he","rtl","he","rtl","אודות WaShop – אינדקס חנויות וואטסאפ בישראל","WaShop הוא אינדקס ישראלי לחנויות ולעסקים שפועלים דרך וואטסאפ, עם בדיקה ידנית ופנייה ישירה בין הלקוח למוכר.","וואשופ הוא אינדקס לחנויות וואטסאפ שנבדקות ידנית","232","1405","","68","20","1","1","1","true","308:http://washop.co.il/about->https://washop.co.il/about|200:https://washop.co.il/about->","301:https://www.washop.co.il/about->https://washop.co.il/about|200:https://washop.co.il/about->","308:https://washop.co.il/about/->/about|200:https://washop.co.il/about->"
"/contact","static","contact","200","https://washop.co.il/contact","true","true","https://washop.co.il/contact","true","index, follow","he","rtl","he","rtl","צור קשר | washop.co.il","צרו קשר עם וואשופ דרך וואטסאפ או אימייל.","אנחנו כאן לשאלות, חנויות והצעות","168","1005","","68","21","1","1","1","true","308:http://washop.co.il/contact->https://washop.co.il/contact|200:https://washop.co.il/contact->","301:https://www.washop.co.il/contact->https://washop.co.il/contact|200:https://washop.co.il/contact->","308:https://washop.co.il/contact/->/contact|200:https://washop.co.il/contact->"
"/blog","blog","","200","https://washop.co.il/blog","true","true","https://washop.co.il/blog","true","index, follow","he","rtl","he","rtl","מדריכים לחנויות, עסקים ו-WhatsApp | Washop","מדריכים מעשיים על חנויות וואטסאפ, שירות לקוחות, קטלוגים וקשר ישיר בין עסקים ללקוחות.","המדריכים של Washop","809","4836","","68","34","1","1","1","true","308:http://washop.co.il/blog->https://washop.co.il/blog|200:https://washop.co.il/blog->","301:https://www.washop.co.il/blog->https://washop.co.il/blog|200:https://washop.co.il/blog->","308:https://washop.co.il/blog/->/blog|200:https://washop.co.il/blog->"
"/partners","static","partners","200","https://washop.co.il/partners","true","true","https://washop.co.il/partners","true","index, follow","he","rtl","he","rtl","תוכנית שותפים של וואשופ | washop.co.il","רוצים לעזור לוואשופ לגדול? הצטרפו כשותפים לדרך וסייעו לנו לאתר חנויות וואטסאפ איכותיות בישראל, להכיר בעלי עסקים ולבנות יחד אינדקס אמין ושימושי יותר.","תוכנית שותפים של וואשופ","380","2241","","68","20","1","1","1","true","308:http://washop.co.il/partners->https://washop.co.il/partners|200:https://washop.co.il/partners->","301:https://www.washop.co.il/partners->https://washop.co.il/partners|200:https://washop.co.il/partners->","308:https://washop.co.il/partners/->/partners|200:https://washop.co.il/partners->"
"/privacy","static","privacy","200","https://washop.co.il/privacy","true","true","https://washop.co.il/privacy","true","index, follow","he","rtl","he","rtl","מדיניות פרטיות | washop.co.il","מדיניות הפרטיות של וואשופ.","מדיניות פרטיות","195","1152","","68","20","1","1","1","true","308:http://washop.co.il/privacy->https://washop.co.il/privacy|200:https://washop.co.il/privacy->","301:https://www.washop.co.il/privacy->https://washop.co.il/privacy|200:https://washop.co.il/privacy->","308:https://washop.co.il/privacy/->/privacy|200:https://washop.co.il/privacy->"
"/terms","static","terms","200","https://washop.co.il/terms","true","true","https://washop.co.il/terms","true","index, follow","he","rtl","he","rtl","תנאי שימוש | washop.co.il","תנאי השימוש של וואשופ.","תנאי שימוש","260","1531","","68","20","1","1","1","true","308:http://washop.co.il/terms->https://washop.co.il/terms|200:https://washop.co.il/terms->","301:https://www.washop.co.il/terms->https://washop.co.il/terms|200:https://washop.co.il/terms->","308:https://washop.co.il/terms/->/terms|200:https://washop.co.il/terms->"
"/accessibility","static","accessibility","200","https://washop.co.il/accessibility","true","true","https://washop.co.il/accessibility","true","index, follow","he","rtl","he","rtl","הצהרת נגישות | washop.co.il","הצהרת הנגישות של וואשופ.","הצהרת נגישות","171","1037","","68","20","1","1","1","true","308:http://washop.co.il/accessibility->https://washop.co.il/accessibility|200:https://washop.co.il/accessibility->","301:https://www.washop.co.il/accessibility->https://washop.co.il/accessibility|200:https://washop.co.il/accessibility->","308:https://washop.co.il/accessibility/->/accessibility|200:https://washop.co.il/accessibility->"
"/seller-rules","static","seller-rules","200","https://washop.co.il/seller-rules","false","false","https://washop.co.il/seller-rules","true","noindex, follow","he","rtl","he","rtl","כללי מוכרים ב-Washop | washop.co.il","תנאי פרסום וסטנדרטים לחנויות וואטסאפ שרוצות להופיע בוואשופ.","כללים והנחיות למוכרים ב-Washop","374","2275","","69","20","1","1","1","true","308:http://washop.co.il/seller-rules->https://washop.co.il/seller-rules|200:https://washop.co.il/seller-rules->","301:https://www.washop.co.il/seller-rules->https://washop.co.il/seller-rules|200:https://washop.co.il/seller-rules->","308:https://washop.co.il/seller-rules/->/seller-rules|200:https://washop.co.il/seller-rules->"
"/category/technology-gadgets","category","technology-gadgets","200","https://washop.co.il/category/technology-gadgets","false","false","https://washop.co.il/category/technology-gadgets","true","noindex, follow","he","rtl","he","rtl","טכנולוגיה וגאדג׳טים | חנויות וואטסאפ מאושרות | washop.co.il","חנויות וואטסאפ עם גאדג׳טים, אביזרים ומוצרי טכנולוגיה.","טכנולוגיה וגאדג׳טים","153","949","BreadcrumbList","68","20","1","1","1","true","308:http://washop.co.il/category/technology-gadgets->https://washop.co.il/category/technology-gadgets|200:https://washop.co.il/category/technology-gadgets->","301:https://www.washop.co.il/category/technology-gadgets->https://washop.co.il/category/technology-gadgets|200:https://washop.co.il/category/technology-gadgets->","308:https://washop.co.il/category/technology-gadgets/->/category/technology-gadgets|200:https://washop.co.il/category/technology-gadgets->"
"/category/phones-accessories","category","phones-accessories","200","https://washop.co.il/category/phones-accessories","false","false","https://washop.co.il/category/phones-accessories","true","noindex, follow","he","rtl","he","rtl","טלפונים ואביזרים | חנויות וואטסאפ מאושרות | washop.co.il","טלפונים, כיסויים, מטענים ואביזרים שנמכרים דרך קטלוג וואטסאפ.","טלפונים ואביזרים","154","950","BreadcrumbList","68","20","1","1","1","true","308:http://washop.co.il/category/phones-accessories->https://washop.co.il/category/phones-accessories|200:https://washop.co.il/category/phones-accessories->","301:https://www.washop.co.il/category/phones-accessories->https://washop.co.il/category/phones-accessories|200:https://washop.co.il/category/phones-accessories->","308:https://washop.co.il/category/phones-accessories/->/category/phones-accessories|200:https://washop.co.il/category/phones-accessories->"
"/category/computers-office","category","computers-office","200","https://washop.co.il/category/computers-office","false","false","https://washop.co.il/category/computers-office","true","noindex, follow","he","rtl","he","rtl","מחשבים וציוד משרדי | חנויות וואטסאפ מאושרות | washop.co.il","מחשבים, ציוד עבודה, אביזרי משרד ופתרונות לעסק ולבית.","מחשבים וציוד משרדי","156","946","BreadcrumbList","68","20","1","1","1","true","308:http://washop.co.il/category/computers-office->https://washop.co.il/category/computers-office|200:https://washop.co.il/category/computers-office->","301:https://www.washop.co.il/category/computers-office->https://washop.co.il/category/computers-office|200:https://washop.co.il/category/computers-office->","308:https://washop.co.il/category/computers-office/->/category/computers-office|200:https://washop.co.il/category/computers-office->"
"/category/website-building","category","website-building","200","https://washop.co.il/category/website-building","true","true","https://washop.co.il/category/website-building","true","index, follow","he","rtl","he","rtl","עסקים לבניית אתרים | אינדקס Washop | washop.co.il","בניית אתרים, דפי נחיתה ופתרונות נוכחות דיגיטלית לעסקים. בקטגוריה הזו מופיעות רק חנויות ועסקים שאושרו ידנית בוואשופ, כדי שתוכלו לפתוח קטלוג, לבדוק פרטים ולפנות ישירות למוכר.","בניית אתרים","332","1980","BreadcrumbList|ItemList","68","21","1","1","1","true","308:http://washop.co.il/category/website-building->https://washop.co.il/category/website-building|200:https://washop.co.il/category/website-building->","301:https://www.washop.co.il/category/website-building->https://washop.co.il/category/website-building|200:https://washop.co.il/category/website-building->","308:https://washop.co.il/category/website-building/->/category/website-building|200:https://washop.co.il/category/website-building->"
"/category/ai-tools","category","ai-tools","200","https://washop.co.il/category/ai-tools","true","true","https://washop.co.il/category/ai-tools","true","index, follow","he","rtl","he","rtl","כלים ובינה מלאכותית | חנויות וואטסאפ מאושרות | washop.co.il","כלים מבוססי בינה מלאכותית, אוטומציות ופתרונות חכמים לעסק. בקטגוריה הזו מופיעות רק חנויות ועסקים שאושרו ידנית בוואשופ, כדי שתוכלו לפתוח קטלוג, לבדוק פרטים ולפנות ישירות למוכר.","כלים ובינה מלאכותית","334","1998","BreadcrumbList|ItemList","68","21","1","1","1","true","308:http://washop.co.il/category/ai-tools->https://washop.co.il/category/ai-tools|200:https://washop.co.il/category/ai-tools->","301:https://www.washop.co.il/category/ai-tools->https://washop.co.il/category/ai-tools|200:https://washop.co.il/category/ai-tools->","308:https://washop.co.il/category/ai-tools/->/category/ai-tools|200:https://washop.co.il/category/ai-tools->"
"/category/software-digital","category","software-digital","200","https://washop.co.il/category/software-digital","true","true","https://washop.co.il/category/software-digital","true","index, follow","he","rtl","he","rtl","תוכנה ודיגיטל | חנויות וואטסאפ מאושרות | washop.co.il","שירותי תוכנה, דיגיטל, מערכות וכלים טכנולוגיים לעסקים. בקטגוריה הזו מופיעות רק חנויות ועסקים שאושרו ידנית בוואשופ, כדי שתוכלו לפתוח קטלוג, לבדוק פרטים ולפנות ישירות למוכר.","תוכנה ודיגיטל","331","1982","BreadcrumbList|ItemList","68","21","1","1","1","true","308:http://washop.co.il/category/software-digital->https://washop.co.il/category/software-digital|200:https://washop.co.il/category/software-digital->","301:https://www.washop.co.il/category/software-digital->https://washop.co.il/category/software-digital|200:https://washop.co.il/category/software-digital->","308:https://washop.co.il/category/software-digital/->/category/software-digital|200:https://washop.co.il/category/software-digital->"
"/category/app-development","category","app-development","200","https://washop.co.il/category/app-development","true","true","https://washop.co.il/category/app-development","true","index, follow","he","rtl","he","rtl","עסקים לפיתוח אפליקציות | אינדקס Washop | washop.co.il","מצאו עסקים ונותני שירות מאושרים שעוסקים בפיתוח אפליקציות, פיתוח ווב, שירותי פיתוח ווב, פיתוח אפליקציות ווב ויצירת פורטל ווב, ופנו אליהם ישירות דרך וואטסאפ כדי לברר התאמה, זמינות ותהליך עבודה.","עסקים לפיתוח אפליקציות","486","2892","BreadcrumbList|ItemList","68","21","1","1","1","true","308:http://washop.co.il/category/app-development->https://washop.co.il/category/app-development|200:https://washop.co.il/category/app-development->","301:https://www.washop.co.il/category/app-development->https://washop.co.il/category/app-development|200:https://washop.co.il/category/app-development->","308:https://washop.co.il/category/app-development/->/category/app-development|200:https://washop.co.il/category/app-development->"
"/category/technical-services-businesses","category","technical-services-businesses","200","https://washop.co.il/category/technical-services-businesses","true","true","https://washop.co.il/category/technical-services-businesses","true","index, follow","he","rtl","he","rtl","שירותים טכניים לעסקים | אינדקס Washop | washop.co.il","טיפול בתקלות טכניות, תמיכה וכלים דיגיטליים לעסקים. בקטגוריה הזו מופיעות רק חנויות ועסקים שאושרו ידנית בוואשופ, כדי שתוכלו לפתוח קטלוג, לבדוק פרטים ולפנות ישירות למוכר.","שירותים טכניים לעסקים","333","1995","BreadcrumbList|ItemList","68","21","1","1","1","true","308:http://washop.co.il/category/technical-services-businesses->https://washop.co.il/category/technical-services-businesses|200:https://washop.co.il/category/technical-services-businesses->","301:https://www.washop.co.il/category/technical-services-businesses->https://washop.co.il/category/technical-services-businesses|200:https://washop.co.il/category/technical-services-businesses->","308:https://washop.co.il/category/technical-services-businesses/->/category/technical-services-businesses|200:https://washop.co.il/category/technical-services-businesses->"
"/category/electronics-electricity","category","electronics-electricity","200","https://washop.co.il/category/electronics-electricity","false","false","https://washop.co.il/category/electronics-electricity","true","noindex, follow","he","rtl","he","rtl","חשמל ואלקטרוניקה | חנויות וואטסאפ מאושרות | washop.co.il","מוצרי חשמל, אלקטרוניקה ואביזרים שימושיים לבית ולעסק.","חשמל ואלקטרוניקה","153","942","BreadcrumbList","0","20","","1","1","true","308:http://washop.co.il/category/electronics-electricity->https://washop.co.il/category/electronics-electricity|200:https://washop.co.il/category/electronics-electricity->","301:https://www.washop.co.il/category/electronics-electricity->https://washop.co.il/category/electronics-electricity|200:https://washop.co.il/category/electronics-electricity->","308:https://washop.co.il/category/electronics-electricity/->/category/electronics-electricity|200:https://washop.co.il/category/electronics-electricity->"
"/category/hair-barbers","category","hair-barbers","200","https://washop.co.il/category/hair-barbers","true","true","https://washop.co.il/category/hair-barbers","true","index, follow","he","rtl","he","rtl","מספרות וטיפוח שיער | חנויות וואטסאפ מאושרות | washop.co.il","מספרות, מוצרי שיער, טיפולים ותיאום ישיר דרך וואטסאפ. בקטגוריה הזו מופיעות רק חנויות ועסקים שאושרו ידנית בוואשופ, כדי שתוכלו לפתוח קטלוג, לבדוק פרטים ולפנות ישירות למוכר.","מספרות וטיפוח שיער","321","1914","BreadcrumbList|ItemList","8","24","1","1","1","true","308:http://washop.co.il/category/hair-barbers->https://washop.co.il/category/hair-barbers|200:https://washop.co.il/category/hair-barbers->","301:https://www.washop.co.il/category/hair-barbers->https://washop.co.il/category/hair-barbers|200:https://washop.co.il/category/hair-barbers->","308:https://washop.co.il/category/hair-barbers/->/category/hair-barbers|200:https://washop.co.il/category/hair-barbers->"
"/category/beauty-care","category","beauty-care","200","https://washop.co.il/category/beauty-care","true","true","https://washop.co.il/category/beauty-care","true","index, follow","he","rtl","he","rtl","יופי וטיפוח | חנויות וואטסאפ מאושרות | washop.co.il","מוצרי טיפוח, קוסמטיקה, טיפולי יופי ושירותים משלימים. בקטגוריה הזו מופיעות רק חנויות ועסקים שאושרו ידנית בוואשופ, כדי שתוכלו לפתוח קטלוג, לבדוק פרטים ולפנות ישירות למוכר.","יופי וטיפוח","318","1900","BreadcrumbList|ItemList","8","24","1","1","1","true","308:http://washop.co.il/category/beauty-care->https://washop.co.il/category/beauty-care|200:https://washop.co.il/category/beauty-care->","301:https://www.washop.co.il/category/beauty-care->https://washop.co.il/category/beauty-care|200:https://washop.co.il/category/beauty-care->","308:https://washop.co.il/category/beauty-care/->/category/beauty-care|200:https://washop.co.il/category/beauty-care->"
"/category/cosmetics-perfumes","category","cosmetics-perfumes","200","https://washop.co.il/category/cosmetics-perfumes","false","false","https://washop.co.il/category/cosmetics-perfumes","true","noindex, follow","he","rtl","he","rtl","קוסמטיקה ובשמים | חנויות וואטסאפ מאושרות | washop.co.il","בשמים, מוצרי קוסמטיקה וטיפוח אישי בקטלוג וואטסאפ.","קוסמטיקה ובשמים","153","937","BreadcrumbList","0","20","","1","1","true","308:http://washop.co.il/category/cosmetics-perfumes->https://washop.co.il/category/cosmetics-perfumes|200:https://washop.co.il/category/cosmetics-perfumes->","301:https://www.washop.co.il/category/cosmetics-perfumes->https://washop.co.il/category/cosmetics-perfumes|200:https://washop.co.il/category/cosmetics-perfumes->","308:https://washop.co.il/category/cosmetics-perfumes/->/category/cosmetics-perfumes|200:https://washop.co.il/category/cosmetics-perfumes->"
"/category/hair-care-products","category","hair-care-products","200","https://washop.co.il/category/hair-care-products","true","true","https://washop.co.il/category/hair-care-products","true","index, follow","he","rtl","he","rtl","מוצרי טיפוח שיער | חנויות וואטסאפ מאושרות | washop.co.il","מוצרי טיפוח שיער, חומרים מקצועיים ופתרונות לשיער. בקטגוריה הזו מופיעות רק חנויות ועסקים שאושרו ידנית בוואשופ, כדי שתוכלו לפתוח קטלוג, לבדוק פרטים ולפנות ישירות למוכר.","מוצרי טיפוח שיער","320","1907","BreadcrumbList|ItemList","3","24","1","1","1","true","308:http://washop.co.il/category/hair-care-products->https://washop.co.il/category/hair-care-products|200:https://washop.co.il/category/hair-care-products->","301:https://www.washop.co.il/category/hair-care-products->https://washop.co.il/category/hair-care-products|200:https://washop.co.il/category/hair-care-products->","308:https://washop.co.il/category/hair-care-products/->/category/hair-care-products|200:https://washop.co.il/category/hair-care-products->"
"/category/barber-equipment-accessories","category","barber-equipment-accessories","200","https://washop.co.il/category/barber-equipment-accessories","true","true","https://washop.co.il/category/barber-equipment-accessories","true","index, follow","he","rtl","he","rtl","ציוד ואביזרים לספרים | חנויות וואטסאפ מאושרות | washop.co.il","ציוד לספרים, אביזרים מקצועיים ומוצרים לעבודה במספרה. בקטגוריה הזו מופיעות רק חנויות ועסקים שאושרו ידנית בוואשופ, כדי שתוכלו לפתוח קטלוג, לבדוק פרטים ולפנות ישירות למוכר.","ציוד ואביזרים לספרים","320","1918","BreadcrumbList|ItemList","3","24","1","1","1","true","308:http://washop.co.il/category/barber-equipment-accessories->https://washop.co.il/category/barber-equipment-accessories|200:https://washop.co.il/category/barber-equipment-accessories->","301:https://www.washop.co.il/category/barber-equipment-accessories->https://washop.co.il/category/barber-equipment-accessories|200:https://washop.co.il/category/barber-equipment-accessories->","308:https://washop.co.il/category/barber-equipment-accessories/->/category/barber-equipment-accessories|200:https://washop.co.il/category/barber-equipment-accessories->"
"/category/courses-training","category","courses-training","200","https://washop.co.il/category/courses-training","true","true","https://washop.co.il/category/courses-training","true","index, follow","he","rtl","he","rtl","קורסים והכשרות | חנויות וואטסאפ מאושרות | washop.co.il","קורסים, סדנאות ותוכן מקצועי שנמכרים או מנוהלים דרך וואטסאפ. בקטגוריה הזו מופיעות רק חנויות ועסקים שאושרו ידנית בוואשופ, כדי שתוכלו לפתוח קטלוג, לבדוק פרטים ולפנות ישירות למוכר.","קורסים והכשרות","320","1913","BreadcrumbList|ItemList","8","24","1","1","1","true","308:http://washop.co.il/category/courses-training->https://washop.co.il/category/courses-training|200:https://washop.co.il/category/courses-training->","301:https://www.washop.co.il/category/courses-training->https://washop.co.il/category/courses-training|200:https://washop.co.il/category/courses-training->","308:https://washop.co.il/category/courses-training/->/category/courses-training|200:https://washop.co.il/category/courses-training->"
"/category/fashion-shoes","category","fashion-shoes","200","https://washop.co.il/category/fashion-shoes","true","true","https://washop.co.il/category/fashion-shoes","true","index, follow","he","rtl","he","rtl","אופנה והנעלה | חנויות וואטסאפ מאושרות | washop.co.il","ביגוד, נעליים, פריטי סטייל וקטלוגים שמתעדכנים במהירות. בקטגוריה הזו מופיעות רק חנויות ועסקים שאושרו ידנית בוואשופ, כדי שתוכלו לפתוח קטלוג, לבדוק פרטים ולפנות ישירות למוכר.","אופנה והנעלה","289","1722","BreadcrumbList|ItemList","6","24","1","1","1","true","308:http://washop.co.il/category/fashion-shoes->https://washop.co.il/category/fashion-shoes|200:https://washop.co.il/category/fashion-shoes->","301:https://www.washop.co.il/category/fashion-shoes->https://washop.co.il/category/fashion-shoes|200:https://washop.co.il/category/fashion-shoes->","308:https://washop.co.il/category/fashion-shoes/->/category/fashion-shoes|200:https://washop.co.il/category/fashion-shoes->"
"/category/kids-baby-clothes","category","kids-baby-clothes","200","https://washop.co.il/category/kids-baby-clothes","false","false","https://washop.co.il/category/kids-baby-clothes","true","noindex, follow","he","rtl","he","rtl","בגדי ילדים ותינוקות | חנויות וואטסאפ מאושרות | washop.co.il","בגדים, סטים ומתנות לילדים ולתינוקות בהזמנה ישירה.","בגדי ילדים ותינוקות","155","945","BreadcrumbList","0","20","","1","1","true","308:http://washop.co.il/category/kids-baby-clothes->https://washop.co.il/category/kids-baby-clothes|200:https://washop.co.il/category/kids-baby-clothes->","301:https://www.washop.co.il/category/kids-baby-clothes->https://washop.co.il/category/kids-baby-clothes|200:https://washop.co.il/category/kids-baby-clothes->","308:https://washop.co.il/category/kids-baby-clothes/->/category/kids-baby-clothes|200:https://washop.co.il/category/kids-baby-clothes->"
"/category/food-bakery-catering","category","food-bakery-catering","200","https://washop.co.il/category/food-bakery-catering","false","false","https://washop.co.il/category/food-bakery-catering","true","noindex, follow","he","rtl","he","rtl","אוכל, מאפים וקייטרינג | חנויות וואטסאפ מאושרות | washop.co.il","אוכל ביתי, מגשי אירוח, מאפים וקייטרינג בהזמנה ישירה.","אוכל, מאפים וקייטרינג","156","952","BreadcrumbList","0","20","","1","1","true","308:http://washop.co.il/category/food-bakery-catering->https://washop.co.il/category/food-bakery-catering|200:https://washop.co.il/category/food-bakery-catering->","301:https://www.washop.co.il/category/food-bakery-catering->https://washop.co.il/category/food-bakery-catering|200:https://washop.co.il/category/food-bakery-catering->","308:https://washop.co.il/category/food-bakery-catering/->/category/food-bakery-catering|200:https://washop.co.il/category/food-bakery-catering->"
"/category/sweets-chocolate","category","sweets-chocolate","200","https://washop.co.il/category/sweets-chocolate","false","false","https://washop.co.il/category/sweets-chocolate","true","noindex, follow","he","rtl","he","rtl","מתוקים ושוקולדים | חנויות וואטסאפ מאושרות | washop.co.il","מארזי מתוקים, שוקולדים, קינוחים והפתעות מתוקות.","מתוקים ושוקולדים","152","937","BreadcrumbList","0","20","","1","1","true","308:http://washop.co.il/category/sweets-chocolate->https://washop.co.il/category/sweets-chocolate|200:https://washop.co.il/category/sweets-chocolate->","301:https://www.washop.co.il/category/sweets-chocolate->https://washop.co.il/category/sweets-chocolate|200:https://washop.co.il/category/sweets-chocolate->","308:https://washop.co.il/category/sweets-chocolate/->/category/sweets-chocolate|200:https://washop.co.il/category/sweets-chocolate->"
"/category/gifts-events","category","gifts-events","200","https://washop.co.il/category/gifts-events","true","true","https://washop.co.il/category/gifts-events","true","index, follow","he","rtl","he","rtl","מתנות ואירועים | חנויות וואטסאפ מאושרות | washop.co.il","מארזים, מתנות, הפקות קטנות ושירותים לאירועים. בקטגוריה הזו מופיעות רק חנויות ועסקים שאושרו ידנית בוואשופ, כדי שתוכלו לפתוח קטלוג, לבדוק פרטים ולפנות ישירות למוכר.","מתנות ואירועים","296","1760","BreadcrumbList|ItemList","7","24","1","1","1","true","308:http://washop.co.il/category/gifts-events->https://washop.co.il/category/gifts-events|200:https://washop.co.il/category/gifts-events->","301:https://www.washop.co.il/category/gifts-events->https://washop.co.il/category/gifts-events|200:https://washop.co.il/category/gifts-events->","308:https://washop.co.il/category/gifts-events/->/category/gifts-events|200:https://washop.co.il/category/gifts-events->"
"/category/personalized-prints-gifts","category","personalized-prints-gifts","200","https://washop.co.il/category/personalized-prints-gifts","true","true","https://washop.co.il/category/personalized-prints-gifts","true","index, follow","he","rtl","he","rtl","הדפסות ומתנות אישיות | חנויות וואטסאפ מאושרות | washop.co.il","הדפסות אישיות, בלוקי זכוכית, מארזים ומתנות בעיצוב אישי דרך קטלוג וואטסאפ. בקטגוריה הזו מופיעות רק חנויות ועסקים שאושרו ידנית בוואשופ, כדי שתוכלו לפתוח קטלוג, לבדוק פרטים ולפנות ישירות למוכר.","הדפסות ומתנות אישיות","303","1800","BreadcrumbList|ItemList","7","24","1","1","1","true","308:http://washop.co.il/category/personalized-prints-gifts->https://washop.co.il/category/personalized-prints-gifts|200:https://washop.co.il/category/personalized-prints-gifts->","301:https://www.washop.co.il/category/personalized-prints-gifts->https://washop.co.il/category/personalized-prints-gifts|200:https://washop.co.il/category/personalized-prints-gifts->","308:https://washop.co.il/category/personalized-prints-gifts/->/category/personalized-prints-gifts|200:https://washop.co.il/category/personalized-prints-gifts->"
"/category/flowers-event-design","category","flowers-event-design","200","https://washop.co.il/category/flowers-event-design","false","false","https://washop.co.il/category/flowers-event-design","true","noindex, follow","he","rtl","he","rtl","פרחים ועיצוב אירועים | חנויות וואטסאפ מאושרות | washop.co.il","פרחים, עיצוב שולחנות, קישוטים ושירותים לאירועים.","פרחים ועיצוב אירועים","154","946","BreadcrumbList","0","20","","1","1","true","308:http://washop.co.il/category/flowers-event-design->https://washop.co.il/category/flowers-event-design|200:https://washop.co.il/category/flowers-event-design->","301:https://www.washop.co.il/category/flowers-event-design->https://washop.co.il/category/flowers-event-design|200:https://washop.co.il/category/flowers-event-design->","308:https://washop.co.il/category/flowers-event-design/->/category/flowers-event-design|200:https://washop.co.il/category/flowers-event-design->"
"/category/babies-kids","category","babies-kids","200","https://washop.co.il/category/babies-kids","false","false","https://washop.co.il/category/babies-kids","true","noindex, follow","he","rtl","he","rtl","תינוקות וילדים | חנויות וואטסאפ מאושרות | washop.co.il","מוצרים, מתנות ושירותים למשפחות, ילדים ותינוקות.","תינוקות וילדים","152","933","BreadcrumbList","0","20","","1","1","true","308:http://washop.co.il/category/babies-kids->https://washop.co.il/category/babies-kids|200:https://washop.co.il/category/babies-kids->","301:https://www.washop.co.il/category/babies-kids->https://washop.co.il/category/babies-kids|200:https://washop.co.il/category/babies-kids->","308:https://washop.co.il/category/babies-kids/->/category/babies-kids|200:https://washop.co.il/category/babies-kids->"
"/category/home-design","category","home-design","200","https://washop.co.il/category/home-design","true","true","https://washop.co.il/category/home-design","true","index, follow","he","rtl","he","rtl","לבית ולעיצוב | חנויות וואטסאפ מאושרות | washop.co.il","פריטים לבית, עיצוב, טקסטיל ואקססוריז דרך קטלוג וואטסאפ. בקטגוריה הזו מופיעות רק חנויות ועסקים שאושרו ידנית בוואשופ, כדי שתוכלו לפתוח קטלוג, לבדוק פרטים ולפנות ישירות למוכר.","לבית ולעיצוב","298","1766","BreadcrumbList|ItemList","3","24","1","1","1","true","308:http://washop.co.il/category/home-design->https://washop.co.il/category/home-design|200:https://washop.co.il/category/home-design->","301:https://www.washop.co.il/category/home-design->https://washop.co.il/category/home-design|200:https://washop.co.il/category/home-design->","308:https://washop.co.il/category/home-design/->/category/home-design|200:https://washop.co.il/category/home-design->"
"/category/kitchen-homeware","category","kitchen-homeware","200","https://washop.co.il/category/kitchen-homeware","false","false","https://washop.co.il/category/kitchen-homeware","true","noindex, follow","he","rtl","he","rtl","כלי בית ומטבח | חנויות וואטסאפ מאושרות | washop.co.il","כלי מטבח, פתרונות אחסון, פריטים לבית ואביזרים שימושיים.","כלי בית ומטבח","156","939","BreadcrumbList","0","20","","1","1","true","308:http://washop.co.il/category/kitchen-homeware->https://washop.co.il/category/kitchen-homeware|200:https://washop.co.il/category/kitchen-homeware->","301:https://www.washop.co.il/category/kitchen-homeware->https://washop.co.il/category/kitchen-homeware|200:https://washop.co.il/category/kitchen-homeware->","308:https://washop.co.il/category/kitchen-homeware/->/category/kitchen-homeware|200:https://washop.co.il/category/kitchen-homeware->"
"/category/furniture-interior","category","furniture-interior","200","https://washop.co.il/category/furniture-interior","false","false","https://washop.co.il/category/furniture-interior","true","noindex, follow","he","rtl","he","rtl","ריהוט ועיצוב פנים | חנויות וואטסאפ מאושרות | washop.co.il","ריהוט, פריטי עיצוב, אקססוריז ופתרונות לבית.","ריהוט ועיצוב פנים","154","935","BreadcrumbList","0","20","","1","1","true","308:http://washop.co.il/category/furniture-interior->https://washop.co.il/category/furniture-interior|200:https://washop.co.il/category/furniture-interior->","301:https://www.washop.co.il/category/furniture-interior->https://washop.co.il/category/furniture-interior|200:https://washop.co.il/category/furniture-interior->","308:https://washop.co.il/category/furniture-interior/->/category/furniture-interior|200:https://washop.co.il/category/furniture-interior->"
"/category/jewelry-accessories","category","jewelry-accessories","200","https://washop.co.il/category/jewelry-accessories","false","false","https://washop.co.il/category/jewelry-accessories","true","noindex, follow","he","rtl","he","rtl","תכשיטים ואקססוריז | חנויות וואטסאפ מאושרות | washop.co.il","תכשיטים, אקססוריז, פריטים בעבודת יד וקולקציות מתחלפות.","תכשיטים ואקססוריז","153","946","BreadcrumbList","0","20","","1","1","true","308:http://washop.co.il/category/jewelry-accessories->https://washop.co.il/category/jewelry-accessories|200:https://washop.co.il/category/jewelry-accessories->","301:https://www.washop.co.il/category/jewelry-accessories->https://washop.co.il/category/jewelry-accessories|200:https://washop.co.il/category/jewelry-accessories->","308:https://washop.co.il/category/jewelry-accessories/->/category/jewelry-accessories|200:https://washop.co.il/category/jewelry-accessories->"
"/category/cars-accessories","category","cars-accessories","200","https://washop.co.il/category/cars-accessories","false","false","https://washop.co.il/category/cars-accessories","true","noindex, follow","he","rtl","he","rtl","רכבים ואביזרי רכב | חנויות וואטסאפ מאושרות | washop.co.il","אביזרי רכב, פתרונות ניקיון, נוחות ושדרוגים לרכב.","רכבים ואביזרי רכב","155","940","BreadcrumbList","0","20","","1","1","true","308:http://washop.co.il/category/cars-accessories->https://washop.co.il/category/cars-accessories|200:https://washop.co.il/category/cars-accessories->","301:https://www.washop.co.il/category/cars-accessories->https://washop.co.il/category/cars-accessories|200:https://washop.co.il/category/cars-accessories->","308:https://washop.co.il/category/cars-accessories/->/category/cars-accessories|200:https://washop.co.il/category/cars-accessories->"
"/category/sports-fitness","category","sports-fitness","200","https://washop.co.il/category/sports-fitness","true","true","https://washop.co.il/category/sports-fitness","true","index, follow","he","rtl","he","rtl","ספורט וכושר | חנויות וואטסאפ מאושרות | washop.co.il","ציוד ספורט, אביזרי אימון, תוכניות כושר ומוצרים משלימים. בקטגוריה הזו מופיעות רק חנויות ועסקים שאושרו ידנית בוואשופ, כדי שתוכלו לפתוח קטלוג, לבדוק פרטים ולפנות ישירות למוכר.","ספורט וכושר","290","1721","BreadcrumbList|ItemList","6","24","1","1","1","true","308:http://washop.co.il/category/sports-fitness->https://washop.co.il/category/sports-fitness|200:https://washop.co.il/category/sports-fitness->","301:https://www.washop.co.il/category/sports-fitness->https://washop.co.il/category/sports-fitness|200:https://washop.co.il/category/sports-fitness->","308:https://washop.co.il/category/sports-fitness/->/category/sports-fitness|200:https://washop.co.il/category/sports-fitness->"
"/category/health-lifestyle","category","health-lifestyle","200","https://washop.co.il/category/health-lifestyle","true","true","https://washop.co.il/category/health-lifestyle","true","index, follow","he","rtl","he","rtl","בריאות ואורח חיים | חנויות וואטסאפ מאושרות | washop.co.il","מוצרים ושירותים שמקדמים שגרה בריאה ונוחה יותר. בקטגוריה הזו מופיעות רק חנויות ועסקים שאושרו ידנית בוואשופ, כדי שתוכלו לפתוח קטלוג, לבדוק פרטים ולפנות ישירות למוכר.","בריאות ואורח חיים","291","1724","BreadcrumbList|ItemList","6","24","1","1","1","true","308:http://washop.co.il/category/health-lifestyle->https://washop.co.il/category/health-lifestyle|200:https://washop.co.il/category/health-lifestyle->","301:https://www.washop.co.il/category/health-lifestyle->https://washop.co.il/category/health-lifestyle|200:https://washop.co.il/category/health-lifestyle->","308:https://washop.co.il/category/health-lifestyle/->/category/health-lifestyle|200:https://washop.co.il/category/health-lifestyle->"
"/category/pets-supplies","category","pets-supplies","200","https://washop.co.il/category/pets-supplies","false","false","https://washop.co.il/category/pets-supplies","true","noindex, follow","he","rtl","he","rtl","בעלי חיים וציוד לחיות | חנויות וואטסאפ מאושרות | washop.co.il","מזון, צעצועים, אביזרים ושירותים לבעלי חיים.","בעלי חיים וציוד לחיות","156","943","BreadcrumbList","0","20","","1","1","true","308:http://washop.co.il/category/pets-supplies->https://washop.co.il/category/pets-supplies|200:https://washop.co.il/category/pets-supplies->","301:https://www.washop.co.il/category/pets-supplies->https://washop.co.il/category/pets-supplies|200:https://washop.co.il/category/pets-supplies->","308:https://washop.co.il/category/pets-supplies/->/category/pets-supplies|200:https://washop.co.il/category/pets-supplies->"
"/category/books-crafts-study","category","books-crafts-study","200","https://washop.co.il/category/books-crafts-study","false","false","https://washop.co.il/category/books-crafts-study","true","noindex, follow","he","rtl","he","rtl","ספרים, יצירה וציוד לימודי | חנויות וואטסאפ מאושרות | washop.co.il","ספרים, חומרי יצירה, משחקי למידה וציוד לתלמידים.","ספרים, יצירה וציוד לימודי","157","955","BreadcrumbList","0","20","","1","1","true","308:http://washop.co.il/category/books-crafts-study->https://washop.co.il/category/books-crafts-study|200:https://washop.co.il/category/books-crafts-study->","301:https://www.washop.co.il/category/books-crafts-study->https://washop.co.il/category/books-crafts-study|200:https://washop.co.il/category/books-crafts-study->","308:https://washop.co.il/category/books-crafts-study/->/category/books-crafts-study|200:https://washop.co.il/category/books-crafts-study->"
"/category/local-services","category","local-services","200","https://washop.co.il/category/local-services","true","true","https://washop.co.il/category/local-services","true","index, follow","he","rtl","he","rtl","שירותים מקומיים | חנויות וואטסאפ מאושרות | washop.co.il","נותני שירות ישראלים שמקבלים פניות והזמנות דרך וואטסאפ. בקטגוריה הזו מופיעות רק חנויות ועסקים שאושרו ידנית בוואשופ, כדי שתוכלו לפתוח קטלוג, לבדוק פרטים ולפנות ישירות למוכר.","שירותים מקומיים","332","1987","BreadcrumbList|ItemList","3","21","1","1","1","true","308:http://washop.co.il/category/local-services->https://washop.co.il/category/local-services|200:https://washop.co.il/category/local-services->","301:https://www.washop.co.il/category/local-services->https://washop.co.il/category/local-services|200:https://washop.co.il/category/local-services->","308:https://washop.co.il/category/local-services/->/category/local-services|200:https://washop.co.il/category/local-services->"
"/category/arab-sector-businesses","category","arab-sector-businesses","200","https://washop.co.il/category/arab-sector-businesses","false","false","https://washop.co.il/category/arab-sector-businesses","true","noindex, follow","he","rtl","he","rtl","עסקים מהמגזר הערבי | חנויות וואטסאפ מאושרות | washop.co.il","עסקים ישראליים מהמגזר הערבי שפועלים דרך וואטסאפ.","עסקים מהמגזר הערבי","155","942","BreadcrumbList","0","20","","1","1","true","308:http://washop.co.il/category/arab-sector-businesses->https://washop.co.il/category/arab-sector-businesses|200:https://washop.co.il/category/arab-sector-businesses->","301:https://www.washop.co.il/category/arab-sector-businesses->https://washop.co.il/category/arab-sector-businesses|200:https://washop.co.il/category/arab-sector-businesses->","308:https://washop.co.il/category/arab-sector-businesses/->/category/arab-sector-businesses|200:https://washop.co.il/category/arab-sector-businesses->"
"/category/judaica-shabbat","category","judaica-shabbat","200","https://washop.co.il/category/judaica-shabbat","true","true","https://washop.co.il/category/judaica-shabbat","true","index, follow","he","rtl","he","rtl","יודאיקה ומוצרי שבת | חנויות וואטסאפ מאושרות | washop.co.il","יודאיקה, מתנות, מוצרי שבת ופריטים לבית היהודי. בקטגוריה הזו מופיעות רק חנויות ועסקים שאושרו ידנית בוואשופ, כדי שתוכלו לפתוח קטלוג, לבדוק פרטים ולפנות ישירות למוכר.","יודאיקה ומוצרי שבת","299","1769","BreadcrumbList|ItemList","7","24","1","1","1","true","308:http://washop.co.il/category/judaica-shabbat->https://washop.co.il/category/judaica-shabbat|200:https://washop.co.il/category/judaica-shabbat->","301:https://www.washop.co.il/category/judaica-shabbat->https://washop.co.il/category/judaica-shabbat|200:https://washop.co.il/category/judaica-shabbat->","308:https://washop.co.il/category/judaica-shabbat/->/category/judaica-shabbat|200:https://washop.co.il/category/judaica-shabbat->"
"/category/weddings-events","category","weddings-events","200","https://washop.co.il/category/weddings-events","false","false","https://washop.co.il/category/weddings-events","true","noindex, follow","he","rtl","he","rtl","חתונות ואירועים | חנויות וואטסאפ מאושרות | washop.co.il","ספקים, מוצרים ושירותים לחתונות, שמחות ואירועים.","חתונות ואירועים","152","935","BreadcrumbList","0","20","","1","1","true","308:http://washop.co.il/category/weddings-events->https://washop.co.il/category/weddings-events|200:https://washop.co.il/category/weddings-events->","301:https://www.washop.co.il/category/weddings-events->https://washop.co.il/category/weddings-events|200:https://washop.co.il/category/weddings-events->","308:https://washop.co.il/category/weddings-events/->/category/weddings-events|200:https://washop.co.il/category/weddings-events->"
"/category/cleaning-maintenance","category","cleaning-maintenance","200","https://washop.co.il/category/cleaning-maintenance","false","false","https://washop.co.il/category/cleaning-maintenance","true","noindex, follow","he","rtl","he","rtl","ניקיון ותחזוקה | חנויות וואטסאפ מאושרות | washop.co.il","מוצרי ניקיון, תחזוקה ושירותים לבית ולעסק.","ניקיון ותחזוקה","152","927","BreadcrumbList","0","20","","1","1","true","308:http://washop.co.il/category/cleaning-maintenance->https://washop.co.il/category/cleaning-maintenance|200:https://washop.co.il/category/cleaning-maintenance->","301:https://www.washop.co.il/category/cleaning-maintenance->https://washop.co.il/category/cleaning-maintenance|200:https://washop.co.il/category/cleaning-maintenance->","308:https://washop.co.il/category/cleaning-maintenance/->/category/cleaning-maintenance|200:https://washop.co.il/category/cleaning-maintenance->"
"/category/construction-renovation","category","construction-renovation","200","https://washop.co.il/category/construction-renovation","false","false","https://washop.co.il/category/construction-renovation","true","noindex, follow","he","rtl","he","rtl","בנייה ושיפוצים | חנויות וואטסאפ מאושרות | washop.co.il","בעלי מקצוע, ציוד, חומרים ושירותים לעבודות בית ושיפוץ.","בנייה ושיפוצים","154","939","BreadcrumbList","0","20","","1","1","true","308:http://washop.co.il/category/construction-renovation->https://washop.co.il/category/construction-renovation|200:https://washop.co.il/category/construction-renovation->","301:https://www.washop.co.il/category/construction-renovation->https://washop.co.il/category/construction-renovation|200:https://washop.co.il/category/construction-renovation->","308:https://washop.co.il/category/construction-renovation/->/category/construction-renovation|200:https://washop.co.il/category/construction-renovation->"
"/category/tourism-israel","category","tourism-israel","200","https://washop.co.il/category/tourism-israel","false","false","https://washop.co.il/category/tourism-israel","true","noindex, follow","he","rtl","he","rtl","תיירות ונופש בישראל | חנויות וואטסאפ מאושרות | washop.co.il","חוויות, אירוח, טיולים ושירותי נופש בישראל.","תיירות ונופש בישראל","154","938","BreadcrumbList","0","20","","1","1","true","308:http://washop.co.il/category/tourism-israel->https://washop.co.il/category/tourism-israel|200:https://washop.co.il/category/tourism-israel->","301:https://www.washop.co.il/category/tourism-israel->https://washop.co.il/category/tourism-israel|200:https://washop.co.il/category/tourism-israel->","308:https://washop.co.il/category/tourism-israel/->/category/tourism-israel|200:https://washop.co.il/category/tourism-israel->"
"/shop/navines","shop","navines","200","https://washop.co.il/shop/navines","true","true","https://washop.co.il/shop/navines","true","index, follow","he","rtl","he","rtl","נביא נס ישראל | חנות וואטסאפ | washop.co.il","נביא נס ישראל היא עסק ישראלי בתחום התוכנה והדיגיטל. דרך קטלוג הוואטסאפ ניתן להתרשם משירותים כמו בניית אתרים, פיתוח כלים לעסקים, פתרונות בינה מלאכותית, טיפול בתקלות טכניות, פיתוח אפליקציות ושירותים דיגיטליים נוספים. החנות מתאימה לבעלי עסקים שרוצים פתרון טכנולוגי ישיר, ברור ונגיש דרך וואטסאפ.","נביא נס ישראל","248","1536","LocalBusiness","8","21","1","1","1","true","308:http://washop.co.il/shop/navines->https://washop.co.il/shop/navines|200:https://washop.co.il/shop/navines->","301:https://www.washop.co.il/shop/navines->https://washop.co.il/shop/navines|200:https://washop.co.il/shop/navines->","308:https://washop.co.il/shop/navines/->/shop/navines|200:https://washop.co.il/shop/navines->"
"/shop/revolution-studio","shop","revolution-studio","200","https://washop.co.il/shop/revolution-studio","true","true","https://washop.co.il/shop/revolution-studio","true","index, follow","he","rtl","he","rtl","רוולושיין סטודיו | חנות וואטסאפ | washop.co.il","רוולושיין סטודיו הוא עסק ישראלי בתחום המספרות וטיפוח השיער. דרך קטלוג הוואטסאפ אפשר למצוא שירותי מספרה, מוצרים ואביזרים הקשורים לטיפוח שיער, ציוד ומוצרים לספרים, וגם קורסים והכשרות למי שרוצה ללמוד את תחום הספרות והתספורות.","רוולושיין סטודיו","233","1434","LocalBusiness","7","25","1","1","1","true","308:http://washop.co.il/shop/revolution-studio->https://washop.co.il/shop/revolution-studio|200:https://washop.co.il/shop/revolution-studio->","301:https://www.washop.co.il/shop/revolution-studio->https://washop.co.il/shop/revolution-studio|200:https://washop.co.il/shop/revolution-studio->","308:https://washop.co.il/shop/revolution-studio/->/shop/revolution-studio|200:https://washop.co.il/shop/revolution-studio->"
"/shop/liel-gifts-and-blocks","shop","liel-gifts-and-blocks","200","https://washop.co.il/shop/liel-gifts-and-blocks","true","true","https://washop.co.il/shop/liel-gifts-and-blocks","true","index, follow","he","rtl","he","rtl","ליאל מארזים מתנות והדפסות | חנות וואטסאפ ביהוד | וואשופ | washop.co.il","מארזי מתנה בעיצוב אישי, הדפסות ומוצרים מיוחדים דרך קטלוג וואטסאפ. ליאל מארזים מתנות והדפסות ביהוד — נבדקת ידנית על ידי וואשופ.","ליאל מארזים מתנות והדפסות","226","1379","LocalBusiness","6","24","1","1","1","true","308:http://washop.co.il/shop/liel-gifts-and-blocks->https://washop.co.il/shop/liel-gifts-and-blocks|200:https://washop.co.il/shop/liel-gifts-and-blocks->","301:https://www.washop.co.il/shop/liel-gifts-and-blocks->https://washop.co.il/shop/liel-gifts-and-blocks|200:https://washop.co.il/shop/liel-gifts-and-blocks->","308:https://washop.co.il/shop/liel-gifts-and-blocks/->/shop/liel-gifts-and-blocks|200:https://washop.co.il/shop/liel-gifts-and-blocks->"
"/shop/bumpers","shop","bumpers","200","https://washop.co.il/shop/bumpers","true","true","https://washop.co.il/shop/bumpers","true","index, follow","he","rtl","he","rtl","באמפרס כפכפי עיסוי ונעלי נוחות מראשון לציון | washop.co.il","באמפרס היא חנות וואטסאפ מראשון לציון לכפכפי עיסוי, נעלי נוחות וקולקציות לנשים, גברים ונוער. צפו בקטלוג, בדקו דגמים ומידות ופנו ישירות לבית העסק דרך וואשופ.","באמפרס","232","1401","LocalBusiness","5","23","1","1","1","true","308:http://washop.co.il/shop/bumpers->https://washop.co.il/shop/bumpers|200:https://washop.co.il/shop/bumpers->","301:https://www.washop.co.il/shop/bumpers->https://washop.co.il/shop/bumpers|200:https://washop.co.il/shop/bumpers->","308:https://washop.co.il/shop/bumpers/->/shop/bumpers|200:https://washop.co.il/shop/bumpers->"
"/blog/mochrei-whatsapp-indeks-bereshet","blog","mochrei-whatsapp-indeks-bereshet","200","https://washop.co.il/blog/mochrei-whatsapp-indeks-bereshet","true","true","https://washop.co.il/blog/mochrei-whatsapp-indeks-bereshet","true","index, follow","he","rtl","he","rtl","אינדקס חנויות וואטסאפ ברשת למוכרים איכותיים | WaShop","איך אינדקס חנויות וואטסאפ יכול לעזור למוכרים איכותיים להתגלות ברחבי הרשת, לקבל פניות ישירות ולהופיע במקום מסודר לאחר בדיקה ידנית.","מחנות וואטסאפ לאינדקס ברשת: איך מוכרים טובים יכולים להתגלות","781","4567","BlogPosting|BreadcrumbList|FAQPage","3","22","1","1","1","true","308:http://washop.co.il/blog/mochrei-whatsapp-indeks-bereshet->https://washop.co.il/blog/mochrei-whatsapp-indeks-bereshet|200:https://washop.co.il/blog/mochrei-whatsapp-indeks-bereshet->","301:https://www.washop.co.il/blog/mochrei-whatsapp-indeks-bereshet->https://washop.co.il/blog/mochrei-whatsapp-indeks-bereshet|200:https://washop.co.il/blog/mochrei-whatsapp-indeks-bereshet->","308:https://washop.co.il/blog/mochrei-whatsapp-indeks-bereshet/->/blog/mochrei-whatsapp-indeks-bereshet|200:https://washop.co.il/blog/mochrei-whatsapp-indeks-bereshet->"
"/blog/whatsapp-store-discovery-index-for-quality-sellers","blog","whatsapp-store-discovery-index-for-quality-sellers","200","https://washop.co.il/blog/whatsapp-store-discovery-index-for-quality-sellers","true","true","https://washop.co.il/blog/whatsapp-store-discovery-index-for-quality-sellers","true","index, follow","he","rtl","he","rtl","WhatsApp Store Discovery Index for Quality Sellers | WaShop","Learn how WaShop is building a reviewed WhatsApp store directory that helps suitable sellers become easier to discover online and receive direct, relevant inquiries.","From WhatsApp Stores to Web Discovery: Building an Index for Quality Sellers","844","5391","BlogPosting|BreadcrumbList|FAQPage","3","21","1","1","1","true","308:http://washop.co.il/blog/whatsapp-store-discovery-index-for-quality-sellers->https://washop.co.il/blog/whatsapp-store-discovery-index-for-quality-sellers|200:https://washop.co.il/blog/whatsapp-store-discovery-index-for-quality-sellers->","301:https://www.washop.co.il/blog/whatsapp-store-discovery-index-for-quality-sellers->https://washop.co.il/blog/whatsapp-store-discovery-index-for-quality-sellers|200:https://washop.co.il/blog/whatsapp-store-discovery-index-for-quality-sellers->","308:https://washop.co.il/blog/whatsapp-store-discovery-index-for-quality-sellers/->/blog/whatsapp-store-discovery-index-for-quality-sellers|200:https://washop.co.il/blog/whatsapp-store-discovery-index-for-quality-sellers->"
"/blog/hanut-virtualit-bewhatsapp","blog","hanut-virtualit-bewhatsapp","200","https://washop.co.il/blog/hanut-virtualit-bewhatsapp","true","true","https://washop.co.il/blog/hanut-virtualit-bewhatsapp","true","index, follow","he","rtl","he","rtl","איך פותחים חנות וירטואלית בוואטסאפ? | Washop","מדריך מעשי לפתיחת חנות וירטואלית בוואטסאפ: הכנת קטלוג, קבלת פניות, תשלום, משלוח ושירות, עם הסבר על פרסום העסק בוואשופ.","איך פותחים חנות וירטואלית בוואטסאפ?","822","4848","BlogPosting|BreadcrumbList|FAQPage","7","22","1","1","1","true","308:http://washop.co.il/blog/hanut-virtualit-bewhatsapp->https://washop.co.il/blog/hanut-virtualit-bewhatsapp|200:https://washop.co.il/blog/hanut-virtualit-bewhatsapp->","301:https://www.washop.co.il/blog/hanut-virtualit-bewhatsapp->https://washop.co.il/blog/hanut-virtualit-bewhatsapp|200:https://washop.co.il/blog/hanut-virtualit-bewhatsapp->","308:https://washop.co.il/blog/hanut-virtualit-bewhatsapp/->/blog/hanut-virtualit-bewhatsapp|200:https://washop.co.il/blog/hanut-virtualit-bewhatsapp->"
"/blog/sherut-lakohot-bewhatsapp-laasakim","blog","sherut-lakohot-bewhatsapp-laasakim","200","https://washop.co.il/blog/sherut-lakohot-bewhatsapp-laasakim","true","true","https://washop.co.il/blog/sherut-lakohot-bewhatsapp-laasakim","true","index, follow","he","rtl","he","rtl","שירות לקוחות בוואטסאפ לעסקים – מדריך מעשי | WaShop","מדריך מעשי לשירות לקוחות בוואטסאפ: פרופיל עסקי, שעות מענה, הודעות פתיחה, תיוג שיחות, פרטיות, הזמנות והימנעות מספאם.","שירות לקוחות בוואטסאפ לעסקים: המדריך המעשי","758","4457","BlogPosting|BreadcrumbList|FAQPage","6","22","1","1","1","true","308:http://washop.co.il/blog/sherut-lakohot-bewhatsapp-laasakim->https://washop.co.il/blog/sherut-lakohot-bewhatsapp-laasakim|200:https://washop.co.il/blog/sherut-lakohot-bewhatsapp-laasakim->","301:https://www.washop.co.il/blog/sherut-lakohot-bewhatsapp-laasakim->https://washop.co.il/blog/sherut-lakohot-bewhatsapp-laasakim|200:https://washop.co.il/blog/sherut-lakohot-bewhatsapp-laasakim->","308:https://washop.co.il/blog/sherut-lakohot-bewhatsapp-laasakim/->/blog/sherut-lakohot-bewhatsapp-laasakim|200:https://washop.co.il/blog/sherut-lakohot-bewhatsapp-laasakim->"
"/blog/synchron-katalog-melay-ben-hanuyot","blog","synchron-katalog-melay-ben-hanuyot","200","https://washop.co.il/blog/synchron-katalog-melay-ben-hanuyot","true","true","https://washop.co.il/blog/synchron-katalog-melay-ben-hanuyot","true","index, follow","he","rtl","he","rtl","סנכרון מלאי בין חנויות וערוצי מכירה – מדריך | WaShop","מה חשוב לדעת על סנכרון בין חנויות: מק״טים אחידים, מלאי, מחירים, קטלוגים, הזמנות וההבדל בין עבודה ידנית לאוטומציה.","סנכרון קטלוג ומלאי בין חנויות: מה עסקים צריכים לדעת","676","3994","BlogPosting|BreadcrumbList|FAQPage","3","22","1","1","1","true","308:http://washop.co.il/blog/synchron-katalog-melay-ben-hanuyot->https://washop.co.il/blog/synchron-katalog-melay-ben-hanuyot|200:https://washop.co.il/blog/synchron-katalog-melay-ben-hanuyot->","301:https://www.washop.co.il/blog/synchron-katalog-melay-ben-hanuyot->https://washop.co.il/blog/synchron-katalog-melay-ben-hanuyot|200:https://washop.co.il/blog/synchron-katalog-melay-ben-hanuyot->","308:https://washop.co.il/blog/synchron-katalog-melay-ben-hanuyot/->/blog/synchron-katalog-melay-ben-hanuyot|200:https://washop.co.il/blog/synchron-katalog-melay-ben-hanuyot->"
"/blog/taknon-hanut-virtualit","blog","taknon-hanut-virtualit","200","https://washop.co.il/blog/taknon-hanut-virtualit","true","true","https://washop.co.il/blog/taknon-hanut-virtualit","true","index, follow","he","rtl","he","rtl","תקנון חנות וירטואלית: נושאים חשובים למדיניות חנות","מדריך כללי לתקנון חנות וירטואלית, תקנון חנות אונליין ומדיניות משלוחים והחזרות: זיהוי העסק, מוצרים, מחירים, תשלום, פרטיות ושירות.","תקנון חנות וירטואלית: אילו נושאים חשוב להסדיר?","639","3780","BlogPosting|BreadcrumbList|FAQPage","4","21","1","1","1","true","308:http://washop.co.il/blog/taknon-hanut-virtualit->https://washop.co.il/blog/taknon-hanut-virtualit|200:https://washop.co.il/blog/taknon-hanut-virtualit->","301:https://www.washop.co.il/blog/taknon-hanut-virtualit->https://washop.co.il/blog/taknon-hanut-virtualit|200:https://washop.co.il/blog/taknon-hanut-virtualit->","308:https://washop.co.il/blog/taknon-hanut-virtualit/->/blog/taknon-hanut-virtualit|200:https://washop.co.il/blog/taknon-hanut-virtualit->"
"/blog/mochrei-whatsapp-zechu-lehashafah","blog","mochrei-whatsapp-zechu-lehashafah","200","https://washop.co.il/blog/mochrei-whatsapp-zechu-lehashafah","true","true","https://washop.co.il/blog/mochrei-whatsapp-zechu-lehashafah","true","index, follow","he","rtl","he","rtl","מוכרים בוואטסאפ? למה הגיע הזמן שיותר לקוחות ימצאו אתכם","הרבה עסקים ישראליים מוכרים היום דרך וואטסאפ, אבל הלקוחות לא תמיד יודעים איך למצוא אותם. וואשופ נועד לתת לחנויות וואטסאפ איכותיות מקום מסודר, אמין ונגיש יותר להופיע בו.","מוכרים בוואטסאפ? למה הגיע הזמן שיותר לקוחות ימצאו אתכם","452","2647","BlogPosting|BreadcrumbList","2","20","1","1","1","true","308:http://washop.co.il/blog/mochrei-whatsapp-zechu-lehashafah->https://washop.co.il/blog/mochrei-whatsapp-zechu-lehashafah|200:https://washop.co.il/blog/mochrei-whatsapp-zechu-lehashafah->","301:https://www.washop.co.il/blog/mochrei-whatsapp-zechu-lehashafah->https://washop.co.il/blog/mochrei-whatsapp-zechu-lehashafah|200:https://washop.co.il/blog/mochrei-whatsapp-zechu-lehashafah->","308:https://washop.co.il/blog/mochrei-whatsapp-zechu-lehashafah/->/blog/mochrei-whatsapp-zechu-lehashafah|200:https://washop.co.il/blog/mochrei-whatsapp-zechu-lehashafah->"
"/blog/tochnit-hashutafim-shel-washop","blog","tochnit-hashutafim-shel-washop","200","https://washop.co.il/blog/tochnit-hashutafim-shel-washop","true","true","https://washop.co.il/blog/tochnit-hashutafim-shel-washop","true","index, follow","he","rtl","he","rtl","תוכנית השותפים של WaShop לחנויות וואטסאפ","הכירו את תוכנית השותפים של WaShop ואת הדרך להפנות חנויות ישראליות מתאימות לבדיקה, בכפוף לכללי הפרסום והאישור.","תוכנית השותפים של וואשופ: מחפשים אנשים שמאמינים בדרך","495","2928","BlogPosting|BreadcrumbList","2","20","1","1","1","true","308:http://washop.co.il/blog/tochnit-hashutafim-shel-washop->https://washop.co.il/blog/tochnit-hashutafim-shel-washop|200:https://washop.co.il/blog/tochnit-hashutafim-shel-washop->","301:https://www.washop.co.il/blog/tochnit-hashutafim-shel-washop->https://washop.co.il/blog/tochnit-hashutafim-shel-washop|200:https://washop.co.il/blog/tochnit-hashutafim-shel-washop->","308:https://washop.co.il/blog/tochnit-hashutafim-shel-washop/->/blog/tochnit-hashutafim-shel-washop|200:https://washop.co.il/blog/tochnit-hashutafim-shel-washop->"
"/blog/lama-liknot-mehanuyot-whatsapp","blog","lama-liknot-mehanuyot-whatsapp","200","https://washop.co.il/blog/lama-liknot-mehanuyot-whatsapp","true","true","https://washop.co.il/blog/lama-liknot-mehanuyot-whatsapp","true","index, follow","he","rtl","he","rtl","למה לקנות מחנויות וואטסאפ יכול להיות פשוט, מהיר ומשתלם יותר","קנייה דרך חנות וואטסאפ יכולה לחבר את הלקוח ישירות למוכר, בלי מסכים מיותרים ובלי תהליך מסובך. כשזה נעשה נכון, אפשר לקבל תשובה מהירה, יחס אישי ולעיתים גם הצעה משתלמת יותר.","למה לקנות מחנויות וואטסאפ יכול להיות פשוט, מהיר ומשתלם יותר","500","2940","BlogPosting|BreadcrumbList","2","20","1","1","1","true","308:http://washop.co.il/blog/lama-liknot-mehanuyot-whatsapp->https://washop.co.il/blog/lama-liknot-mehanuyot-whatsapp|200:https://washop.co.il/blog/lama-liknot-mehanuyot-whatsapp->","301:https://www.washop.co.il/blog/lama-liknot-mehanuyot-whatsapp->https://washop.co.il/blog/lama-liknot-mehanuyot-whatsapp|200:https://washop.co.il/blog/lama-liknot-mehanuyot-whatsapp->","308:https://washop.co.il/blog/lama-liknot-mehanuyot-whatsapp/->/blog/lama-liknot-mehanuyot-whatsapp|200:https://washop.co.il/blog/lama-liknot-mehanuyot-whatsapp->"
"/blog/washop-global-whatsapp-store-directory","blog","washop-global-whatsapp-store-directory","200","https://washop.co.il/blog/washop-global-whatsapp-store-directory","true","true","https://washop.co.il/blog/washop-global-whatsapp-store-directory","true","index, follow","he","rtl","he","rtl","WaShop Global WhatsApp Store Directory","Learn how WaShop Global helps customers discover reviewed WhatsApp stores, contact sellers directly and understand the difference between global visibility and worldwide delivery.","WaShop Global: A New Way to Discover Stores and Shop by Chat","663","4291","BlogPosting|BreadcrumbList","3","20","1","1","1","true","308:http://washop.co.il/blog/washop-global-whatsapp-store-directory->https://washop.co.il/blog/washop-global-whatsapp-store-directory|200:https://washop.co.il/blog/washop-global-whatsapp-store-directory->","301:https://www.washop.co.il/blog/washop-global-whatsapp-store-directory->https://washop.co.il/blog/washop-global-whatsapp-store-directory|200:https://washop.co.il/blog/washop-global-whatsapp-store-directory->","308:https://washop.co.il/blog/washop-global-whatsapp-store-directory/->/blog/washop-global-whatsapp-store-directory|200:https://washop.co.il/blog/washop-global-whatsapp-store-directory->"
"/blog/washop-hibur-yashir-ben-kone-lemocher","blog","washop-hibur-yashir-ben-kone-lemocher","200","https://washop.co.il/blog/washop-hibur-yashir-ben-kone-lemocher","true","true","https://washop.co.il/blog/washop-hibur-yashir-ben-kone-lemocher","true","index, follow","he","rtl","he","rtl","וואשופ: חיבור ישיר יותר בין קונים למוכרים בישראל","וואשופ נבנה סביב רעיון פשוט: לחבר בין לקוחות שמחפשים חנויות טובות לבין מוכרים ישראלים שמנהלים את המכירה שלהם דרך וואטסאפ בצורה ישירה, נגישה ואמינה יותר.","וואשופ: חיבור ישיר יותר בין קונים למוכרים בישראל","388","2306","BlogPosting|BreadcrumbList","2","20","1","1","1","true","308:http://washop.co.il/blog/washop-hibur-yashir-ben-kone-lemocher->https://washop.co.il/blog/washop-hibur-yashir-ben-kone-lemocher|200:https://washop.co.il/blog/washop-hibur-yashir-ben-kone-lemocher->","301:https://www.washop.co.il/blog/washop-hibur-yashir-ben-kone-lemocher->https://washop.co.il/blog/washop-hibur-yashir-ben-kone-lemocher|200:https://washop.co.il/blog/washop-hibur-yashir-ben-kone-lemocher->","308:https://washop.co.il/blog/washop-hibur-yashir-ben-kone-lemocher/->/blog/washop-hibur-yashir-ben-kone-lemocher|200:https://washop.co.il/blog/washop-hibur-yashir-ben-kone-lemocher->"
"/blog/lefarsem-hanut-whatsapp-bewashop","blog","lefarsem-hanut-whatsapp-bewashop","200","https://washop.co.il/blog/lefarsem-hanut-whatsapp-bewashop","true","true","https://washop.co.il/blog/lefarsem-hanut-whatsapp-bewashop","true","index, follow","he","rtl","he","rtl","פרסום חנות וואטסאפ – כך מגישים עסק ל-WaShop","מדריך להגשת חנות וואטסאפ לבדיקה בוואשופ: אילו פרטים כדאי להכין, כיצד מתבצע האישור ומה חשוב לדעת לפני הפרסום.","יש לכם חנות וואטסאפ? כך תוכלו להגיש אותה לוואשופ","428","2522","BlogPosting|BreadcrumbList","2","20","1","1","1","true","308:http://washop.co.il/blog/lefarsem-hanut-whatsapp-bewashop->https://washop.co.il/blog/lefarsem-hanut-whatsapp-bewashop|200:https://washop.co.il/blog/lefarsem-hanut-whatsapp-bewashop->","301:https://www.washop.co.il/blog/lefarsem-hanut-whatsapp-bewashop->https://washop.co.il/blog/lefarsem-hanut-whatsapp-bewashop|200:https://washop.co.il/blog/lefarsem-hanut-whatsapp-bewashop->","308:https://washop.co.il/blog/lefarsem-hanut-whatsapp-bewashop/->/blog/lefarsem-hanut-whatsapp-bewashop|200:https://washop.co.il/blog/lefarsem-hanut-whatsapp-bewashop->"
"/blog/hashakat-washop","blog","hashakat-washop","200","https://washop.co.il/blog/hashakat-washop","true","true","https://washop.co.il/blog/hashakat-washop","true","index, follow","he","rtl","he","rtl","וואשופ הושק – אינדקס חנויות וואטסאפ בישראל","הכירו את WaShop, אינדקס ישראלי לגילוי חנויות וקטלוגים בוואטסאפ שעוברים בדיקה ידנית, עם פנייה ישירה למוכר.","וואשופ הושק: המקום החדש לגלות חנויות וואטסאפ בישראל","370","2246","BlogPosting|BreadcrumbList","2","20","1","1","1","true","308:http://washop.co.il/blog/hashakat-washop->https://washop.co.il/blog/hashakat-washop|200:https://washop.co.il/blog/hashakat-washop->","301:https://www.washop.co.il/blog/hashakat-washop->https://washop.co.il/blog/hashakat-washop|200:https://washop.co.il/blog/hashakat-washop->","308:https://washop.co.il/blog/hashakat-washop/->/blog/hashakat-washop|200:https://washop.co.il/blog/hashakat-washop->"
"/blog/mehirim-sherut-vayachas-enoshi","blog","mehirim-sherut-vayachas-enoshi","200","https://washop.co.il/blog/mehirim-sherut-vayachas-enoshi","true","true","https://washop.co.il/blog/mehirim-sherut-vayachas-enoshi","true","index, follow","he","rtl","he","rtl","המחירים, השירות והיחס האישי: למה חנויות וואטסאפ יכולות להפתיע","מאחורי הרבה חנויות וואטסאפ עומדים מוכרים אמיתיים, זמינים וישירים. עם פחות שכבות בדרך, לפעמים מקבלים הצעה אישית יותר, תשובה מהירה יותר ויחס שלא תמיד מוצאים באתר רגיל.","המחירים, השירות והיחס האישי: למה חנויות וואטסאפ יכולות להפתיע","420","2444","BlogPosting|BreadcrumbList","2","20","1","1","1","true","308:http://washop.co.il/blog/mehirim-sherut-vayachas-enoshi->https://washop.co.il/blog/mehirim-sherut-vayachas-enoshi|200:https://washop.co.il/blog/mehirim-sherut-vayachas-enoshi->","301:https://www.washop.co.il/blog/mehirim-sherut-vayachas-enoshi->https://washop.co.il/blog/mehirim-sherut-vayachas-enoshi|200:https://washop.co.il/blog/mehirim-sherut-vayachas-enoshi->","308:https://washop.co.il/blog/mehirim-sherut-vayachas-enoshi/->/blog/mehirim-sherut-vayachas-enoshi|200:https://washop.co.il/blog/mehirim-sherut-vayachas-enoshi->"
